userId,imdbId,rating
2,0470752,3.5
2,1392190,5.0
2,4299972,5.0
10,2802144,1.0
10,2555736,3.5
10,2379713,5.0
10,2268016,4.0
10,2361509,5.0
15,0470752,2.0
15,1823672,2.5
15,1392190,2.0
15,2488496,5.0
15,1431045,2.0
15,1211837,2.0
15,3385516,1.0
15,3659388,4.0
15,2096673,4.5
15,3682448,3.0
15,1179933,5.0
15,2948356,3.0
15,1700841,3.5
15,3263904,3.5
15,3748528,5.0
15,1355644,3.5
18,0470752,4.5
18,2802144,4.0
18,2488496,4.0
18,2395427,3.5
18,0478970,4.0
18,1431045,3.5
18,3896198,4.0
18,3498820,3.0
18,3385516,4.0
18,2250912,3.5
18,4226388,3.5
18,3659388,4.5
18,2096673,3.5
18,2660888,3.5
18,1663202,3.5
18,3877674,4.0
18,3569230,4.0
18,1895587,4.5
18,1596363,4.0
18,3845232,4.0
18,3799694,4.0
18,4048272,3.5
18,3110958,3.5
18,4196776,3.0
18,2582782,4.0
18,2404435,3.5
18,2140479,3.5
18,2543164,3.0
18,5555502,3.5
18,1355644,4.0
18,3315342,4.0
18,5655222,4.0
18,4649466,3.5
18,5027774,4.5
18,2543472,3.0
21,2381249,4.5
21,0369610,4.0
21,2802144,4.0
21,1392190,3.5
21,2488496,4.0
21,2395427,3.5
21,1790809,4.0
21,0478970,3.5
21,1431045,3.5
21,1211837,4.0
21,1666801,3.0
21,3332064,3.0
21,3450650,2.5
21,2848292,3.0
21,3079380,3.5
21,3152624,2.5
21,2096673,4.0
21,1951266,3.5
21,1386697,3.5
21,2637276,0.5
21,2293640,4.5
21,1979388,3.0
21,2379713,4.0
21,1638355,3.5
21,2140423,0.5
21,1798684,0.5
21,2134170,0.5
21,3793788,3.0
21,2503944,2.5
21,1754656,1.5
21,3682448,4.0
21,4843046,2.0
21,5056034,1.5
21,2948356,4.0
21,4094724,1.0
21,4796122,0.5
21,2543164,4.0
21,3783958,3.5
21,1711525,3.5
21,3470600,4.0
21,4425200,3.5
21,3315342,3.0
21,4464394,0.5
24,2802144,4.0
24,2488496,3.5
24,3064298,4.0
24,3659388,4.0
24,3152624,2.5
24,2096673,4.0
24,1663202,3.0
25,4154756,5.0
25,3501632,4.5
25,1856101,4.0
25,5027774,5.0
25,2543472,5.0
25,3606756,4.0
25,5463162,5.0
30,1431045,5.0
41,0470752,0.5
41,1392190,2.5
41,1431045,0.5
41,2322441,0.5
41,3460252,4.0
41,2293640,3.0
41,2975590,0.5
41,1638355,2.0
41,1663202,4.0
41,2361509,3.5
41,3845232,1.0
47,2726560,2.5
47,2870648,3.5
47,1663202,0.5
47,3170832,2.5
47,4178092,1.0
47,1398426,4.0
47,3322364,3.5
47,3076658,3.5
47,1596363,3.0
47,3263904,3.5
47,2582782,3.5
47,2119532,3.0
47,4846340,3.0
47,5491994,3.0
49,3498820,4.0
49,1663202,4.5
49,3315342,4.5
50,0369610,1.5
50,1392190,3.0
50,0974015,0.5
50,1431045,1.5
50,3896198,1.0
50,4229236,3.0
50,3460252,2.5
50,4226388,3.5
50,3472226,2.5
50,3183660,2.0
50,2293640,1.0
50,1355683,2.0
50,2379713,2.0
50,3899796,1.0
50,2884018,2.5
50,2975590,1.5
50,3040964,2.0
50,3488710,2.5
50,1663202,2.5
50,3397884,3.0
50,2446980,2.5
50,3605418,1.5
50,2719848,2.0
50,3702996,1.0
50,3642618,2.5
50,2510894,2.0
50,0475290,2.0
50,4176826,1.0
50,1596363,3.0
50,2267968,2.0
50,3270538,2.5
50,2948356,2.5
50,2381991,1.0
50,3799694,3.0
50,3416828,1.0
50,4451458,3.5
50,6156350,3.5
50,2094766,1.5
50,3731562,1.5
50,5726616,3.5
50,4630562,1.0
50,5129510,3.5
50,5592248,3.0
50,3397160,3.0
50,6714534,3.0
50,5013056,2.5
50,6840134,2.5
50,1241317,0.5
50,1959563,1.5
50,5950978,2.5
50,5135434,3.0
50,6354108,3.0
50,4649466,1.0
50,1856101,3.0
50,5095030,3.0
50,4073790,3.5
52,2802144,4.0
52,1392190,5.0
52,2488496,5.0
52,0478970,5.0
52,1431045,5.0
52,3659388,5.0
52,3079380,4.5
52,2096673,5.0
52,2948356,5.0
62,0470752,4.0
62,1392190,4.0
62,2488496,4.0
62,2395427,4.0
62,1790809,3.5
62,0974015,4.0
62,0478970,3.5
62,1431045,4.5
62,4154756,4.0
62,3501632,4.0
62,3896198,4.0
62,3498820,4.0
62,1211837,4.5
62,3385516,4.0
62,2250912,4.0
62,3460252,5.0
62,3622592,3.5
62,1951266,3.5
62,3183660,4.0
62,2140379,3.5
62,1386697,4.0
62,2660888,2.5
62,2379713,4.5
62,2975590,4.0
62,3040964,3.0
62,1663202,4.0
62,2361509,4.0
62,1172049,4.0
62,0451279,3.5
62,3845232,5.0
62,3799694,4.0
62,3553976,4.5
62,3110958,3.5
62,2005151,4.0
62,2140479,4.0
62,2543164,4.0
62,3748528,4.5
62,4972582,4.5
62,1355644,3.5
62,4425200,4.5
62,5052448,4.0
62,3315342,5.0
62,2345759,3.5
62,3890160,4.0
62,1536537,4.0
62,1396484,4.0
62,1959563,3.5
62,1856101,4.0
62,2283362,3.5
62,2527336,3.5
62,2798920,4.0
62,2704998,4.0
62,1365519,3.5
62,4244998,4.5
62,5463162,4.0
62,3778644,4.0
63,2381249,5.0
63,2395427,4.0
63,2096673,5.0
65,1431045,3.0
67,2948356,4.0
68,0369610,4.0
68,2802144,4.0
68,1392190,5.0
68,2488496,4.5
68,1431045,4.0
68,3896198,3.5
68,1211837,3.0
68,3659388,5.0
68,3183660,4.0
68,1663202,3.0
68,1895587,4.5
68,2948356,3.0
68,2543164,3.5
68,3748528,4.5
68,1355644,3.0
68,3315342,4.0
68,1856101,3.5
73,2802144,4.5
73,2395427,5.0
73,1431045,4.5
73,1666801,2.5
73,2582496,4.0
73,0884732,3.5
73,2561572,3.5
73,3079380,4.0
73,3152624,3.5
73,2096673,4.0
73,1638355,2.5
73,3895884,4.0
73,2361509,4.0
73,1850457,2.0
73,1860213,2.5
73,2948356,5.0
89,1178665,3.5
89,0884732,2.5
89,3007302,4.0
89,2381941,5.0
89,2224026,2.0
89,2561572,2.5
89,4073952,3.5
89,2656588,5.0
89,1772288,4.5
89,1731701,4.5
89,2293640,4.5
89,4328798,4.5
89,3411432,5.0
89,4705522,4.0
89,3316948,3.5
89,3672742,2.5
89,3487994,5.0
89,3067274,5.0
89,4176776,4.5
89,2735292,5.0
89,5184298,5.0
89,3577624,5.0
89,4270878,4.5
89,3201722,5.0
89,1528854,1.5
89,2267968,4.0
89,1860213,2.0
89,5480340,5.0
89,2277860,5.0
89,3799694,3.5
89,5368354,5.0
89,2823054,2.0
89,2005151,2.5
89,4624424,4.5
89,0825283,4.5
89,4501244,2.5
89,1753383,4.5
89,6217368,4.5
89,6822400,3.5
89,6987652,3.5
89,5030402,4.0
89,7164714,4.5
89,2380307,2.0
89,7057376,2.5
89,7539884,4.0
89,7924798,4.0
98,1431045,3.5
98,4154756,5.0
98,3501632,5.0
98,3896198,4.0
98,2250912,5.0
98,3659388,4.5
98,2096673,2.0
98,3183660,2.5
98,1179933,4.5
98,2543164,5.0
98,5052448,4.5
98,2380307,5.0
98,2527336,3.0
98,3606756,4.0
98,5463162,5.0
103,2381249,4.0
103,0369610,4.0
103,1392190,4.0
103,2488496,2.5
103,1964418,1.0
103,2096673,3.5
103,1798684,3.5
103,1398426,4.5
103,1596363,5.0
103,5052448,3.0
105,2802144,4.0
105,1823672,4.0
105,1392190,4.0
105,1431045,4.0
105,4368814,4.5
105,3472226,4.0
105,2096673,4.0
105,1638355,4.0
105,3327994,5.0
105,3845232,5.0
105,2948356,4.5
105,2888046,4.0
105,5653294,2.5
105,5311514,4.5
105,2119532,4.5
105,6649108,4.0
105,5491994,5.0
105,3262342,5.0
111,2802144,5.0
111,1392190,4.0
111,1790809,3.5
111,0478970,3.0
111,1431045,5.0
111,3896198,4.0
111,1666801,4.5
111,3726704,4.5
111,4257858,4.5
111,0884732,5.0
111,2637294,3.0
111,2381941,2.5
111,2358925,2.5
111,3203616,3.0
111,2224026,4.5
111,2561572,5.0
111,4073952,4.0
111,2848292,3.5
111,3079380,5.0
111,3152624,3.0
111,2096673,2.5
111,2120120,4.0
111,2709768,2.5
111,1386697,4.0
111,2637276,2.0
111,2293640,3.5
111,1355683,2.5
111,1524930,4.0
111,2361509,4.5
111,1398426,4.5
111,3530002,4.5
111,0475290,1.5
111,1596363,5.0
111,2479478,3.0
111,1292566,4.5
111,1528854,4.0
111,1850457,4.0
111,3845232,4.5
111,1860213,4.0
111,2948356,2.5
111,2091935,4.5
111,1468846,4.0
111,4438848,2.0
111,2277860,4.5
111,2702724,3.0
111,3774114,4.5
111,2567026,2.5
111,1700841,0.5
111,3110958,4.5
111,5066574,4.5
111,4769836,4.5
111,3960412,1.5
111,1289401,3.5
111,1489889,5.0
111,5275892,4.5
111,2823054,4.5
111,5849950,4.5
111,2005151,4.5
111,4651520,4.5
111,4970632,5.0
111,2461150,4.5
111,3631112,4.5
111,2387499,4.0
111,6023444,4.0
111,1798603,0.5
111,4431208,4.5
111,4964772,4.0
111,1542768,4.0
111,3521164,4.5
111,1711525,4.5
111,4972582,0.5
111,4501244,4.5
111,3470600,4.0
111,3401882,4.5
111,4116284,3.5
111,4425200,4.0
111,5462602,4.0
111,3874544,4.5
111,6184894,4.0
111,6438918,4.5
111,6648926,4.0
111,0493405,4.0
111,1412528,3.0
111,1469304,4.0
111,2334871,4.0
111,5893332,2.0
111,3155328,3.0
111,3606752,3.0
111,6333064,4.0
111,4799050,4.5
111,3469046,4.0
111,6878486,2.5
111,2417712,4.0
111,4481514,3.5
111,7044010,1.5
111,4649466,4.0
111,6254796,4.0
111,7291268,3.5
111,7057376,3.5
111,6359956,3.5
111,7214762,4.5
111,7539884,3.5
111,6892388,1.5
111,7193448,2.5
111,7738550,2.5
111,7807952,3.5
111,7808620,3.5
111,7379330,4.5
111,5783956,3.5
111,5189670,4.0
114,1392190,3.0
114,2488496,2.5
114,1431045,3.5
114,3850214,3.5
114,3705412,5.0
114,2948356,3.5
114,3606888,3.5
119,2381249,4.0
119,0470752,4.0
119,2802144,4.0
119,2446042,4.5
119,1392190,4.0
119,1431045,4.5
119,2231253,3.0
119,4226388,3.5
119,2381941,4.0
119,2224026,3.5
119,2515034,4.0
119,2493486,4.0
119,3450650,3.5
119,2096673,4.0
119,1618442,4.5
119,2637276,3.0
119,2293640,4.0
119,2080374,3.5
119,1524930,5.0
119,1638355,4.5
119,4172430,5.0
119,1663202,4.0
119,1798684,4.0
119,3316948,1.5
119,1976009,4.5
119,1895587,4.5
119,1596363,5.0
119,3774114,4.5
119,2404435,4.5
119,3741834,4.5
119,3521164,4.0
119,3315342,4.5
122,0369610,4.0
122,2802144,4.5
122,1823672,5.0
122,1392190,5.0
122,2488496,5.0
122,0478970,4.0
122,3460252,5.0
122,3659388,4.0
122,3472226,4.0
122,3079380,3.5
122,1663202,5.0
122,2494362,4.5
122,2479478,3.5
122,1179933,4.0
122,2948356,4.0
125,1390411,3.5
125,2802144,4.0
125,1823672,3.0
125,1392190,4.5
125,0803096,3.5
125,2395427,3.0
125,1431045,4.5
125,3896198,3.5
125,1211837,4.0
125,2436386,4.0
125,3850214,4.0
125,2582496,4.0
125,3460252,4.0
125,4226388,4.0
125,2908446,3.0
125,4312536,3.5
125,3464902,3.5
125,3659388,4.0
125,3472226,4.0
125,3152624,4.0
125,3183660,3.5
125,2709768,3.5
125,1628841,2.5
125,2293640,3.0
125,2975590,2.5
125,3040964,3.5
125,1638355,4.0
125,1663202,3.0
125,2401878,3.5
125,2446980,3.5
125,1727776,4.0
125,3672742,4.0
125,1172049,4.0
125,0462335,2.5
125,3530002,4.0
125,3792960,4.5
125,3072482,4.5
125,0451279,3.5
125,1596363,3.5
125,1292566,3.0
125,3345474,4.0
125,1850457,3.0
125,1374989,4.5
125,1083452,4.0
125,2580382,4.0
125,1179933,4.0
125,2948356,4.0
125,3553442,4.0
125,3381008,4.0
125,3910804,3.5
125,4698684,4.0
125,1974419,2.5
125,2091935,4.0
125,2937696,4.0
125,3544112,3.5
125,3799694,4.0
125,4016934,4.0
125,1700841,5.0
125,3553976,4.5
125,4048272,3.5
125,4034354,4.0
125,2452386,3.5
125,1289401,3.5
125,1489889,3.5
125,0918940,3.5
125,2823054,3.5
125,2005151,3.5
125,4651520,3.5
125,2582782,4.0
125,4160708,2.5
125,3716530,4.0
125,5700672,3.5
125,2404435,3.5
125,2461150,4.0
125,4302938,3.0
125,5311514,4.0
125,2119532,4.0
125,2543164,3.5
125,5487524,1.5
125,3783958,4.0
125,3521164,4.0
125,1711525,2.5
125,3748528,3.0
125,1355644,4.0
125,4116284,4.0
125,5358714,3.5
125,5052448,4.0
125,3315342,3.5
125,2763304,4.0
125,3890160,5.0
125,5013056,3.0
125,1396484,3.0
125,1856101,3.5
139,2488496,4.0
139,2395427,2.0
141,0470752,4.5
141,1431045,5.0
141,2096673,4.5
141,1663202,4.0
148,1392190,4.0
148,2488496,3.5
148,3498820,3.5
148,2096673,4.0
148,2948356,4.0
148,2277860,3.0
148,5613056,4.5
152,0470752,4.5
153,2395427,0.5
153,2096673,2.0
153,3170832,4.5
153,1895587,3.5
153,4176826,3.0
153,3715122,3.5
153,3553976,4.5
153,3521164,2.0
153,5726616,4.5
153,3469046,0.5
153,3450958,0.5
153,5013056,1.5
153,1396484,0.5
153,4925292,3.0
153,2380307,1.5
153,5825380,3.0
153,2527336,0.5
153,2543472,4.0
153,1365519,0.5
154,2802144,5.0
154,2395427,5.0
154,0478970,5.0
154,1431045,5.0
154,2820852,0.5
154,2948356,4.5
154,2277860,2.5
154,2543164,4.5
159,2361509,4.5
159,2277860,4.5
159,4846340,5.0
184,4046784,1.0
184,2802144,5.0
184,2395427,3.5
184,0974015,2.0
184,0478970,4.0
184,1825683,4.0
184,4154756,5.0
184,3501632,4.5
184,3896198,4.5
184,3498820,4.5
184,1211837,4.5
184,2250912,4.0
184,4257858,4.0
184,0420293,4.5
184,1386697,2.5
184,2080374,5.0
184,2975590,2.0
184,1895587,4.5
184,0451279,2.5
184,1596363,5.0
184,3715854,4.0
184,3774114,3.5
184,5595168,3.5
184,3138698,4.0
184,5311514,3.5
184,2119532,4.5
184,2543164,5.0
184,5895028,4.5
184,5254868,1.0
184,6016776,4.0
184,5323662,5.0
184,5084196,4.0
184,5084198,4.5
184,5052448,4.5
184,1469304,2.0
184,3762912,4.0
184,5491994,5.0
184,3890160,4.5
184,5494396,5.0
184,6039532,4.5
184,5013056,4.0
184,4877122,0.5
184,1241317,1.5
184,4633690,3.5
184,4649466,3.5
184,1856101,4.5
184,5544384,3.0
184,6335734,4.5
184,6317962,2.0
184,4468740,5.0
184,2283362,2.5
184,3521126,4.5
184,6294822,4.5
184,1485796,3.0
184,3411444,1.5
184,7544820,4.5
184,5461956,1.5
184,5607028,0.5
184,4912910,4.0
184,5805470,4.5
184,3837248,4.0
184,5342766,3.5
184,5476944,4.0
184,5914996,3.5
184,6397426,3.5
184,8391976,3.5
196,3659388,4.5
196,1895587,5.0
205,4555426,4.5
209,2488496,3.5
209,5027774,4.5
209,6644200,1.5
210,2488496,5.0
210,0478970,4.5
210,1431045,3.5
210,1825683,4.5
210,3501632,4.5
210,3896198,5.0
210,3385516,4.0
210,2250912,4.5
210,3829170,4.0
210,3659388,4.5
210,3183660,4.5
210,2293640,4.0
210,4701546,4.5
210,5051278,4.0
210,3748528,4.5
210,2380307,5.0
210,4960934,4.0
210,2527336,4.5
210,5580390,4.0
212,2802144,4.0
212,1392190,3.5
212,2488496,3.5
212,2395427,4.0
212,1790809,3.5
212,1431045,3.5
212,1825683,3.0
212,3501632,4.5
212,3896198,4.0
212,3498820,3.0
212,1211837,4.0
212,2250912,4.0
212,2582496,3.0
212,3460252,3.5
212,3659388,4.0
212,3183660,4.5
212,2637276,2.0
212,1638355,3.5
212,1398426,3.5
212,0451279,4.0
212,3076658,3.5
212,3845232,3.0
212,1179933,3.0
212,2948356,3.0
212,4698684,4.5
212,3544112,4.0
212,2277860,3.5
212,4034354,2.5
212,1878870,3.5
212,4302938,4.0
212,2119532,4.5
212,3521164,4.0
212,3748528,4.0
212,5052448,2.5
212,3315342,4.5
212,3731562,3.0
212,2771200,4.0
212,4481414,4.5
212,3890160,4.5
212,5439796,4.5
212,1648190,3.5
212,1396484,4.0
212,4649466,3.0
212,5027774,5.0
212,2283362,4.0
212,5580390,4.0
212,1485796,4.5
212,5519340,4.0
212,5104604,5.0
212,6911608,4.5
227,0470752,4.0
227,1392190,4.0
227,3659388,4.5
227,2096673,4.5
233,0470752,1.0
233,1392190,2.5
233,1431045,3.0
233,4154756,2.0
233,3498820,2.0
233,3312830,3.0
233,2096673,4.5
233,1935859,1.5
233,2763304,3.5
233,5013056,2.5
233,5027774,5.0
233,5580036,3.0
233,5580390,3.5
233,1590193,1.5
233,5104604,3.5
233,5463162,2.5
241,2096673,3.5
247,0470752,5.0
247,1340138,2.5
247,1392190,2.0
247,2488496,3.5
247,1431045,3.0
247,3659388,4.0
247,2096673,4.0
247,2975590,2.5
247,1663202,5.0
247,1895587,5.0
247,2948356,4.0
248,1790809,4.0
248,1431045,4.5
248,4154756,4.0
248,3501632,3.5
248,3896198,4.0
248,1211837,4.0
248,1951266,3.5
248,3110958,4.5
248,2543164,3.0
248,3748528,3.0
248,5491994,3.5
248,1856101,2.5
248,2380307,2.0
248,5463162,4.5
248,4912910,3.5
249,2381249,4.0
249,0470752,4.5
249,0369610,3.5
249,4046784,3.5
249,2802144,4.5
249,1823672,3.5
249,1340138,3.5
249,1392190,5.0
249,2488496,4.5
249,0803096,4.0
249,2395427,4.5
249,0478970,4.0
249,1431045,4.5
249,1825683,4.5
249,4154756,4.5
249,3501632,4.5
249,3896198,4.5
249,3498820,4.5
249,1211837,4.5
249,3385516,4.0
249,2250912,4.5
249,3460252,4.5
249,2637294,3.0
249,2381941,4.5
249,3659388,4.0
249,3079380,4.0
249,2096673,4.5
249,1951266,4.0
249,1628841,3.0
249,2660888,4.0
249,2293640,3.5
249,3040964,4.5
249,1638355,4.5
249,3895884,4.0
249,1663202,5.0
249,3316948,3.0
249,1398426,4.0
249,3530002,3.5
249,1895587,4.5
249,0451279,4.5
249,4287320,2.5
249,0490215,3.0
249,3748440,3.0
249,1596363,4.5
249,1608290,3.0
249,1528854,3.5
249,1179933,4.0
249,2948356,4.5
249,3381008,3.0
249,4698684,4.5
249,4438848,3.0
249,2277860,4.0
249,3799694,4.5
249,1700841,4.5
249,3110958,4.0
249,3960412,4.0
249,1289401,3.5
249,5613056,4.5
249,3531824,3.0
249,2005151,4.0
249,2461150,3.5
249,2140479,3.5
249,2543164,5.0
249,3748528,5.0
249,4972582,4.5
249,4846340,4.5
249,2094766,3.5
249,4116284,4.0
249,3315342,5.0
249,3731562,4.0
249,2763304,4.0
249,2316204,4.0
249,1469304,3.0
249,4630562,3.0
249,3890160,4.5
249,2406566,3.0
249,5362988,4.5
249,4649466,4.0
249,1856101,4.5
249,2527336,4.5
249,2798920,4.0
249,5519340,3.5
249,5783956,3.5
249,2548396,4.0
249,6644200,4.5
249,3317234,3.0
249,5463162,5.0
252,2488496,4.0
252,1790809,3.0
252,1211837,4.0
252,2096673,5.0
252,3040964,3.5
252,0451279,4.0
252,2948356,4.0
252,4302938,5.0
252,2543164,5.0
252,3783958,4.0
252,3521164,3.0
252,3748528,3.5
252,4846340,4.0
252,3874544,4.0
256,0470752,4.5
256,0369610,4.0
256,1392190,4.0
256,1666801,4.5
256,2436386,3.5
256,2582496,4.5
256,2224026,3.5
256,2872750,3.5
256,1964418,4.0
256,3659388,4.5
256,3079380,3.0
256,2293640,4.5
256,3813310,4.0
258,2488496,0.5
258,1431045,5.0
258,3501632,3.0
258,3896198,3.5
272,2802144,4.0
272,1211837,2.0
272,2096673,2.5
272,1596363,4.5
272,3799694,4.0
272,2380307,5.0
279,0470752,5.0
279,2802144,4.0
279,1392190,4.5
279,2488496,3.5
279,1431045,4.0
279,3498820,3.0
279,3659388,3.0
279,1663202,5.0
279,3170832,3.5
279,0475290,3.0
279,1596363,3.5
279,1179933,3.0
279,3799694,3.0
279,4196776,2.0
279,2582782,4.0
279,2543164,4.0
279,3748528,3.5
279,4425200,4.0
279,3315342,4.0
279,1396484,5.0
282,3659388,4.0
282,1663202,4.5
291,2395427,4.0
291,1431045,5.0
291,2096673,1.0
292,1617661,1.5
292,2802144,4.0
292,1392190,2.5
292,0478970,4.0
292,3480796,1.0
292,2199571,1.5
292,2908446,3.5
292,2649554,2.0
292,1951266,4.0
292,3783958,2.5
292,4034228,1.5
292,3748528,4.0
296,3666024,4.5
296,3748528,2.0
296,5662106,4.5
296,3967856,3.5
296,5580390,3.5
298,0470752,2.5
298,0369610,3.0
298,2802144,3.5
298,1823672,3.0
298,1392190,3.0
298,2488496,4.0
298,2395427,3.5
298,0478970,3.0
298,1431045,3.0
298,3498820,3.0
298,3385516,1.5
298,1666801,2.0
298,4368814,3.0
298,2381111,2.0
298,3850214,3.0
298,2582496,3.0
298,3622592,0.5
298,2637294,2.0
298,2381941,0.5
298,2561572,1.5
298,1964418,0.5
298,3464902,3.0
298,3659388,3.5
298,3472226,4.0
298,3079380,1.0
298,3152624,0.5
298,1243974,0.5
298,1674771,2.0
298,3133722,2.0
298,1628841,2.5
298,2637276,1.5
298,2379713,2.5
298,1638355,2.0
298,4126340,0.5
298,1663202,3.0
298,1798684,2.0
298,3397884,2.0
298,2361509,1.0
298,3170832,2.0
298,3316948,0.5
298,3569230,3.0
298,2503944,1.5
298,1528854,0.5
298,1850457,0.5
298,2937696,3.5
298,4438848,0.5
298,3799694,2.0
305,0470752,5.0
305,0369610,3.0
305,4046784,2.5
305,2261331,4.0
305,1823672,3.5
305,1340138,2.5
305,1392190,2.0
305,2488496,3.0
305,2395427,3.0
305,0478970,3.5
305,1431045,5.0
305,4154756,4.5
305,3501632,4.5
305,3896198,3.5
305,3498820,4.0
305,2250912,4.0
305,3460252,3.5
305,2561572,3.5
305,2404425,4.0
305,2126355,2.5
305,2848292,3.5
305,3659388,3.0
305,3312830,3.0
305,3079380,3.5
305,2096673,2.0
305,2637276,4.0
305,2379713,3.0
305,2975590,2.0
305,4172430,3.0
305,1663202,3.0
305,3397884,3.5
305,2361509,4.0
305,4084744,5.0
305,2719848,3.0
305,1895587,3.0
305,3682448,4.0
305,4176826,4.5
305,3203606,4.0
305,1596363,3.0
305,4788944,5.0
305,3799694,3.5
305,4016934,0.5
305,1703957,3.0
305,4094724,4.5
305,3531824,3.0
305,2005151,3.5
305,2119532,4.0
305,5640450,4.5
305,2543164,4.0
305,3748528,3.0
305,3315342,4.5
305,2763304,3.5
305,1536537,4.5
305,5013056,4.0
305,1396484,3.0
305,3402236,2.5
305,5580390,3.0
305,2557478,2.5
305,5463162,5.0
306,3195644,2.0
306,1431045,3.0
306,3896198,3.0
306,2224026,3.0
306,2848292,4.0
306,3079380,5.0
306,2096673,4.0
306,2709768,3.5
306,1979388,4.5
306,2737926,2.0
306,2361509,3.0
306,2510894,3.5
306,1292566,2.5
306,1179933,2.5
306,2948356,4.0
306,5022702,3.0
306,2277860,4.0
306,2702724,3.5
306,4052882,2.5
306,2567026,3.0
306,3065204,4.0
306,1289401,4.0
306,4651520,3.5
306,4160708,3.5
306,4624424,3.5
306,3521164,4.0
306,4972582,4.0
306,4501244,2.5
306,5052448,3.0
306,3874544,3.5
306,5140878,4.0
306,1396484,4.0
306,2380307,4.0
306,5726086,3.5
318,1392190,3.0
318,2488496,3.0
318,1825683,4.0
318,3416744,4.0
318,3844362,4.5
318,3460252,3.0
318,3464902,3.5
318,3205376,4.5
318,3472226,3.0
318,3312830,4.0
318,4393514,5.0
318,2096673,4.5
318,3183660,4.5
318,2870648,4.0
318,1638355,3.0
318,3774694,4.5
318,3824458,4.5
318,3792960,3.5
318,0451279,3.5
318,3560464,4.0
318,0475290,4.0
318,4144504,4.5
318,3454574,2.5
318,4594834,4.5
318,1596363,4.5
318,4449576,4.5
318,4285496,3.5
318,4899406,3.5
318,3799694,4.5
318,5111874,3.5
318,4048272,4.0
318,0995868,4.5
318,0918940,3.5
318,3963816,3.5
318,4302938,4.0
318,6156350,4.5
318,3748528,4.0
318,5726616,4.0
318,1219827,3.5
318,5491994,4.5
318,4995790,4.0
318,2239822,2.0
318,2626338,4.5
318,1856101,4.5
318,5027774,4.5
318,6769208,5.0
318,2798920,3.5
318,6768578,3.5
318,1318517,4.5
318,7690670,2.5
319,2488496,3.5
319,1431045,3.5
319,2975590,4.5
319,3040964,3.5
319,1663202,4.5
319,2948356,4.5
326,1390411,4.5
326,3464902,5.0
326,3659388,4.0
326,1663202,5.0
326,2719848,4.0
326,1895587,4.5
326,3076658,3.5
328,2381249,3.5
328,2488496,2.5
328,3460252,3.0
328,3659388,3.5
328,2096673,3.0
328,2660888,3.5
328,1596363,4.0
328,2948356,2.0
328,3062096,0.5
328,4846340,4.0
331,0470752,5.0
331,2802144,3.5
331,1392190,5.0
331,1431045,5.0
331,3659388,4.0
331,2543164,2.5
331,2380307,4.0
331,5104604,4.0
331,5463162,4.0
338,4154756,1.5
338,3501632,1.0
338,5362988,1.5
338,1856101,1.0
338,5027774,5.0
338,2380307,2.5
338,5104604,1.5
338,6644200,1.0
338,3606756,1.0
338,5463162,1.0
338,5686062,2.5
338,5359048,3.0
338,7620650,4.0
338,3977428,1.0
338,7293380,1.5
339,2381249,4.0
339,1431045,2.0
339,2381111,4.0
339,3460252,4.5
339,3659388,4.5
339,2096673,5.0
339,2080374,3.0
339,1663202,4.0
339,0810819,4.0
339,1365050,3.0
339,2719848,4.0
339,3682448,4.0
339,1596363,4.5
339,3774114,3.5
339,2543164,3.5
339,3783958,5.0
339,4034228,4.0
339,4846340,4.0
339,4276820,4.5
339,5013056,5.0
339,1856101,4.5
339,3532216,5.0
341,0470752,4.0
341,0369610,4.0
341,2802144,4.0
341,3203616,4.5
341,2096673,4.0
341,2120120,3.0
341,2293640,4.0
341,2379713,4.5
352,0470752,4.5
352,0369610,3.0
352,2802144,4.0
352,1392190,3.5
352,1431045,2.5
352,3460252,4.0
352,2908446,2.0
352,2820852,1.0
352,3659388,5.0
352,1951266,4.0
352,3183660,4.0
352,2660888,4.0
352,1663202,5.0
352,1179933,4.0
352,2543164,3.0
352,3748528,4.5
362,1355631,4.0
362,3062096,3.5
362,1396484,3.5
363,3896198,5.0
363,5052448,4.0
363,3315342,4.0
363,3486626,2.0
363,4126568,1.0
365,1823672,2.5
365,1431045,3.5
365,1211837,3.0
365,2637294,3.5
365,2381941,2.5
365,2561572,3.0
365,3659388,3.5
365,3079380,3.0
365,2120120,3.0
365,2709768,2.5
365,1386697,4.0
365,2660888,2.5
365,2637276,5.0
365,2293640,1.5
365,1524930,3.5
365,4172430,1.5
365,3316948,3.5
365,1172049,1.5
365,3530002,5.0
365,2452042,1.5
365,3076658,3.0
365,2304933,3.5
365,1596363,2.5
365,1528854,2.5
365,1850457,2.0
365,1860213,3.0
365,3381008,3.0
365,2057392,1.5
365,4139124,3.5
365,4438848,4.5
365,3774114,3.0
365,1700841,4.5
365,3110958,4.0
365,4769836,2.5
365,3065204,0.5
365,0918940,2.5
365,3531824,1.5
365,2140479,2.0
365,1542768,2.5
366,1392190,2.0
380,2381249,4.0
380,0369610,3.0
380,2802144,5.0
380,2446042,2.0
380,1340138,3.0
380,1392190,4.0
380,2488496,4.0
380,2395427,5.0
380,0974015,3.0
380,0478970,5.0
380,1431045,5.0
380,1825683,3.5
380,4154756,5.0
380,3501632,5.0
380,3896198,5.0
380,3498820,5.0
380,1211837,5.0
380,3385516,3.0
380,2250912,5.0
380,2908446,3.0
380,2820852,3.0
380,2096673,5.0
380,3183660,4.0
380,1386697,3.0
380,2660888,4.0
380,2379713,4.0
380,2975590,2.0
380,3819668,4.0
380,4178092,3.5
380,3672742,4.0
380,0451279,3.0
380,1596363,3.0
380,4701546,4.0
380,2948356,5.0
380,3799694,5.0
380,4196776,3.0
380,3531824,3.0
380,2005151,3.5
380,4853102,3.0
380,4160708,3.5
380,1860357,3.5
380,4262980,4.0
380,2543164,4.0
380,3783958,4.0
380,6016776,4.0
380,3748528,5.0
380,3717252,3.0
380,4276820,4.0
380,4116284,5.0
380,4425200,5.0
380,3315342,5.0
380,3731562,4.0
380,3717490,3.0
380,2316204,2.0
380,3890160,4.0
380,3450958,5.0
380,2239822,2.0
380,1241317,3.0
380,4649466,3.0
380,1856101,4.0
380,1981128,2.0
380,4686844,4.0
380,2283362,4.0
380,2527336,0.5
380,5519340,3.0
380,1365519,3.0
380,5463162,3.0
380,3778644,4.0
380,5095030,4.0
382,0369610,4.0
382,1392190,5.0
382,0478970,3.5
382,1502712,2.0
382,3498820,4.0
382,4191054,3.0
382,2820852,3.5
382,2118624,3.0
382,2493486,3.5
382,2120120,2.0
382,3183660,4.0
382,2709768,3.5
382,1618442,3.5
382,3040964,4.0
382,1018765,3.5
382,1608290,2.5
382,3300542,3.5
382,4763168,1.5
382,1289401,3.0
382,0918940,3.5
382,3263904,4.0
382,3062096,3.5
382,3748528,4.5
393,2395427,5.0
393,4475970,4.0
400,2488496,4.5
400,3659388,4.0
400,2543164,4.5
400,3315342,4.0
401,3896198,4.5
401,2096673,4.0
401,2948356,4.0
401,2277860,3.0
401,4302938,3.5
401,3521164,3.5
401,3470600,3.0
401,2091256,3.5
408,2381249,5.0
408,2802144,2.0
408,0478970,5.0
408,1431045,3.5
408,1964418,2.5
408,3659388,4.0
408,2379713,4.0
408,1638355,5.0
408,1179933,4.0
408,0918940,3.5
408,3062096,4.0
408,3748528,4.0
413,3460252,3.0
414,0470752,4.5
414,0369610,3.5
414,2802144,4.0
414,1392190,5.0
414,2488496,3.5
414,0478970,3.5
414,1431045,4.0
414,1825683,4.0
414,3501632,4.0
414,3896198,4.0
414,1211837,3.5
414,2250912,4.5
414,2381111,5.0
414,2872462,4.0
414,3460252,4.0
414,3464902,4.5
414,3659388,5.0
414,2096673,4.5
414,1386697,2.0
414,3040964,4.0
414,1663202,5.0
414,3397884,4.5
414,3170832,4.5
414,1398426,4.0
414,2446980,4.5
414,1895587,5.0
414,3072482,3.0
414,0451279,4.5
414,3682448,4.0
414,1596363,5.0
414,3845232,4.0
414,2948356,4.0
414,4698684,4.5
414,2400291,4.0
414,3774114,4.0
414,3799694,4.0
414,2452386,4.0
414,1289401,3.0
414,4196776,2.5
414,3263904,3.5
414,2005151,3.5
414,2582782,5.0
414,1878870,3.0
414,2404435,2.5
414,4302938,4.5
414,2119532,4.0
414,2543164,4.0
414,4034228,4.5
414,3748528,4.0
414,4540710,4.0
414,1355644,4.0
414,4846340,4.0
414,3315342,4.0
414,5462602,5.0
414,1219827,4.0
414,4158096,3.5
414,3890160,5.0
414,3967856,4.0
414,4995790,4.5
414,5536736,4.0
414,4758646,4.0
414,5013056,5.0
414,5362988,4.0
414,1959563,3.0
414,1856101,5.0
414,6333060,4.0
414,3532216,4.0
414,5027774,4.5
414,4925292,4.5
414,5580036,4.0
414,4555426,4.0
414,2527336,4.5
414,5580390,4.0
414,4209788,4.0
414,6294822,4.0
414,1485796,3.5
414,7924798,2.5
414,3778644,3.5
417,0470752,5.0
417,1431045,4.0
417,5052448,3.0
417,3606756,3.0
418,2381249,0.5
418,2381111,4.5
418,2379713,0.5
418,2870648,4.0
418,3170832,4.5
418,3544112,4.0
424,0470752,4.5
433,2543164,5.0
433,5013056,1.5
441,2488496,4.5
448,2381249,2.0
448,0470752,3.0
448,1390411,2.5
448,0369610,2.5
448,4046784,1.0
448,2802144,3.5
448,1823672,2.0
448,2446042,1.0
448,2717822,2.0
448,1340138,2.0
448,1392190,3.0
448,2488496,3.5
448,0803096,1.5
448,2395427,3.0
448,0478970,3.5
448,1502712,1.0
448,1431045,4.0
448,3498820,3.0
448,3385516,2.0
448,2322441,0.5
448,2923316,1.5
448,2436386,2.5
448,3346224,2.0
448,2273657,2.5
448,3534602,2.0
448,3850214,2.5
448,3844362,3.0
448,0884732,3.0
448,3181822,1.0
448,2933474,0.5
448,2381941,3.0
448,2555736,2.5
448,2401097,1.0
448,2097298,3.5
448,2358925,2.0
448,2199571,2.0
448,2917388,2.0
448,3332064,1.5
448,2649554,3.0
448,2561572,2.0
448,2493486,1.5
448,1964418,2.0
448,3450650,1.5
448,2126355,1.5
448,2679042,1.5
448,3623726,2.0
448,3155242,2.0
448,3327624,1.5
448,2848292,3.0
448,1881002,2.0
448,2967224,1.5
448,3659388,4.0
448,2948790,1.5
448,3079380,3.0
448,3152624,4.0
448,2096673,4.0
448,2415458,3.5
448,2120120,2.5
448,2140379,2.0
448,1386697,3.0
448,1628841,1.5
448,2660888,2.5
448,2637276,4.0
448,2293640,2.5
448,2379713,3.0
448,3899796,1.0
448,2080374,3.0
448,1524930,1.5
448,2967008,1.5
448,4442130,1.0
448,3248600,2.0
448,1629242,1.5
448,3525346,2.5
448,1321869,1.5
448,2975590,2.0
448,3040964,3.0
448,1638355,2.0
448,3488710,3.5
448,4172430,3.5
448,2402101,2.0
448,1663202,3.5
448,3715320,3.0
448,1798684,3.0
448,2134170,2.0
448,4005402,1.5
448,2361509,2.5
448,3687398,2.0
448,1741273,1.5
448,3813310,3.0
448,2446980,3.0
448,1976009,2.0
448,3077214,2.5
448,1172049,3.0
448,1018765,2.0
448,2625810,2.0
448,2719848,3.0
448,2503944,2.0
448,2510894,2.5
448,3475596,1.5
448,3774466,2.5
448,3682448,3.5
448,1694021,1.5
448,0475290,3.0
448,2537390,2.0
448,1051904,2.5
448,3862750,1.5
448,3164256,2.0
448,2910904,3.0
448,3322364,2.5
448,1291570,2.0
448,3593046,2.0
448,2304933,1.5
448,3859076,3.0
448,3291148,3.0
448,2322517,2.0
448,1608290,2.0
448,1292566,2.5
448,1850457,2.0
448,2267968,3.0
448,3703908,2.5
448,3511596,3.0
448,2718440,2.5
448,2869728,1.5
448,3471098,2.0
448,4019560,1.5
448,4086032,2.0
448,3564794,1.5
448,2025690,3.0
448,1179933,2.5
448,3553442,3.0
448,3147312,2.5
448,3381008,2.5
448,4592572,1.5
448,4104054,2.0
448,4991652,2.0
448,4136084,4.0
448,3760922,2.0
448,1468846,2.5
448,4139124,1.5
448,2507238,2.0
448,3763866,2.5
448,2381991,1.5
448,4438848,3.0
448,3733774,2.5
448,0787524,3.0
448,2474932,2.0
448,2241351,2.5
448,3628584,2.5
448,2277860,4.0
448,2702724,1.5
448,1985949,2.5
448,3212232,1.5
448,4651410,1.0
448,3703750,1.5
448,2567026,1.5
448,1700841,4.0
448,2667380,2.0
448,4501454,2.5
448,4513674,3.0
448,3949660,2.0
448,1289401,1.5
448,1489889,2.5
448,4196776,2.0
448,0918940,2.0
448,2788732,3.0
448,4437216,2.5
448,1735907,2.0
448,3903852,1.0
448,3732950,1.0
448,4831420,1.5
448,4781612,2.5
448,4119278,1.5
448,5521550,2.5
448,5340362,2.0
448,1724597,2.5
448,1655461,2.0
448,1267299,1.5
448,3393786,2.0
448,2990126,2.5
448,1753786,2.0
448,4671002,2.5
448,4447518,2.0
459,1211837,5.0
459,2380307,5.0
462,1392190,2.5
462,1502712,2.5
462,2250912,3.0
462,2273657,4.0
462,3312830,4.0
462,3397884,3.5
462,2446980,2.5
462,1895587,4.5
462,0451279,2.0
462,0475290,1.5
462,3076658,4.5
462,1596363,3.5
462,4144190,3.0
462,3553976,4.5
462,4193394,5.0
462,1355631,3.5
462,2543164,4.0
462,1714917,2.0
462,5895028,4.5
462,5804038,5.0
462,5052448,5.0
462,3890160,4.5
462,3450958,2.0
462,4778988,4.0
462,6149818,4.0
462,6053438,4.0
462,7681902,5.0
462,5688932,4.5
462,7349662,2.5
471,3553976,4.5
471,3315342,4.5
475,0470752,4.5
475,1392190,4.5
475,2488496,4.5
475,2395427,4.0
475,1431045,5.0
475,3896198,3.0
475,3498820,3.5
475,1211837,4.5
475,1951266,4.0
475,1663202,4.0
475,2948356,4.5
475,3748528,4.0
475,3315342,3.5
491,2381941,4.0
491,2361509,4.0
491,4481414,4.0
491,4799050,2.0
491,5657846,4.0
495,0369610,3.5
495,1392190,4.5
495,2488496,4.5
495,1431045,5.0
495,4368814,5.0
495,3850214,4.0
495,2126355,1.0
495,3659388,5.0
495,3079380,4.0
495,2080374,4.5
495,1663202,5.0
495,1798684,4.0
495,3397884,4.0
495,4178092,5.0
495,3567288,3.5
495,1398426,5.0
495,1895587,5.0
495,3076658,5.0
495,1596363,5.0
497,4324274,3.0
509,0369610,3.5
509,2395427,4.0
509,1661199,4.0
509,2848292,5.0
511,0470752,4.5
511,2802144,4.0
511,1392190,4.0
511,3501632,4.0
511,2582496,4.0
511,3659388,4.0
511,1663202,5.0
511,2543164,4.0
514,0470752,3.0
514,0478970,2.0
514,1825683,2.0
514,2250912,4.0
514,3460252,3.0
514,3659388,4.0
514,2975590,2.5
514,1895587,4.0
514,1596363,4.0
514,3691740,2.5
514,3110958,4.0
514,4786282,3.0
514,2387499,3.5
514,4501244,3.0
514,5052448,2.5
514,2316204,2.0
514,1396484,3.0
514,3402236,2.5
514,2283362,4.0
514,2527336,2.0
514,1485796,3.0
514,6881890,2.0
514,1365519,3.0
514,1137450,4.0
514,1620680,3.0
514,6644200,4.0
514,4547194,2.0
514,2531344,3.0
514,2557478,3.0
514,2231461,3.0
514,4881806,2.5
514,5463162,3.5
514,3778644,3.0
514,2854926,4.0
515,3501632,5.0
515,3896198,5.0
515,5052448,4.5
515,3315342,5.0
515,5013056,4.0
515,5362988,4.0
515,1856101,5.0
515,2527336,4.0
517,2872750,2.5
517,3183660,3.5
517,2379713,1.0
517,3040964,5.0
517,4366830,1.0
517,3263904,2.5
517,1473832,1.0
517,3783958,1.0
517,1725969,2.5
517,4116284,1.0
519,3152624,4.0
519,2361509,4.0
522,4368814,5.0
523,1431045,5.0
523,3659388,3.5
523,3845232,5.0
523,2948356,4.5
523,3315342,5.0
525,0369610,3.5
525,2802144,4.5
525,1392190,4.5
525,2488496,4.0
525,2395427,2.0
525,0478970,3.5
525,1431045,3.5
525,3498820,3.5
525,4284010,3.5
525,2848292,2.5
525,3659388,4.0
525,4382552,3.0
525,2096673,4.0
525,1386697,3.0
525,2870648,2.5
525,1895587,3.5
525,2510894,3.5
525,2980626,4.0
525,5069564,3.5
525,4366830,3.0
525,2948356,3.0
525,2277860,3.0
525,5192124,2.5
525,5943936,3.0
525,5952332,3.5
526,4226388,5.0
526,3659388,4.5
526,1083452,2.5
533,2802144,5.0
533,2717822,3.0
533,3045616,3.0
533,2436386,5.0
534,2381249,4.0
534,0369610,3.5
534,2802144,4.5
534,1392190,3.0
534,2488496,3.5
534,2395427,3.5
534,0478970,3.0
534,1502712,2.0
534,1431045,5.0
534,2535470,3.5
534,3332064,3.0
534,2224026,4.0
534,2820852,4.0
534,1964418,4.5
534,3450650,3.5
534,2126355,2.5
534,2848292,2.5
534,3659388,3.0
534,3672840,2.0
534,2096673,3.5
534,1618442,2.0
534,1727770,3.0
534,2975590,1.5
534,1638355,3.5
534,1817771,4.5
534,3510480,4.0
534,4547056,5.0
548,1431045,3.0
548,2322441,2.0
548,4465564,1.0
549,3385516,5.0
549,2567026,1.0
550,0470752,4.5
550,1392190,4.0
550,2395427,4.0
550,1431045,5.0
550,3659388,4.0
551,0369610,1.0
551,3896198,4.0
551,3659388,4.5
551,3183660,3.0
551,2660888,4.5
551,2379713,4.5
551,3110958,4.0
551,4034228,1.0
551,3748528,5.0
551,4540710,5.0
551,4846340,4.0
551,3315342,3.0
551,4481414,4.0
556,0803096,4.0
556,1935859,4.0
556,4881806,4.0
557,3659388,3.5
560,1392190,4.0
560,2488496,4.0
560,0803096,3.5
560,1431045,3.0
560,3460252,3.5
560,2649554,2.0
560,3464902,4.0
560,3659388,4.0
560,2096673,3.5
560,1355683,3.0
560,2379713,2.5
560,1663202,2.5
560,3397884,4.0
560,4062536,4.0
560,0475290,3.5
560,4537842,2.5
560,1596363,4.5
560,4171032,4.0
560,1179933,4.0
560,5326448,4.0
560,2057392,3.5
561,2381249,3.0
561,1340138,1.0
561,1392190,4.5
561,2488496,4.0
561,0478970,3.5
561,1431045,2.0
561,3498820,3.5
561,1211837,2.5
561,2224026,1.0
561,3659388,3.5
561,2096673,3.0
561,2660888,3.5
561,2379713,2.5
561,2975590,2.0
561,1638355,4.0
561,1663202,3.5
561,3076658,3.5
561,2267968,3.5
561,4196776,2.0
561,2543164,3.5
561,3748528,4.0
561,6090102,3.0
563,0369610,3.5
563,2802144,4.0
563,1666801,3.0
563,2381941,3.0
563,3064298,3.5
563,3079380,4.5
563,3152624,4.5
563,2096673,4.0
563,2293640,3.5
564,2802144,4.0
564,0884732,5.0
564,2381941,3.5
564,2561572,4.0
564,3079380,3.5
564,2637276,3.0
564,1524930,4.0
564,1638355,3.5
564,2361509,3.5
564,3316948,4.0
564,3774466,3.5
564,1596363,3.5
564,1528854,4.0
564,3845232,3.5
564,2869728,4.0
564,3553442,3.0
564,2091935,2.0
564,3799694,3.5
564,3110958,4.0
564,1489889,3.5
567,2381249,2.5
567,0369610,2.0
567,4046784,0.5
567,2802144,3.0
567,1340138,1.5
567,1392190,4.0
567,2638144,0.5
567,2395427,2.0
567,0974015,2.0
567,0478970,3.0
567,1825683,1.5
567,4154756,3.0
567,3501632,3.0
567,3896198,3.5
567,3498820,2.5
567,1211837,3.0
567,3385516,1.5
567,2250912,4.0
567,2908446,0.5
567,2649554,2.5
567,3659388,3.0
567,3472226,4.5
567,3247714,0.5
567,2096673,2.0
567,1951266,1.5
567,2120120,1.0
567,3168230,3.0
567,2709768,1.5
567,1386697,0.5
567,2660888,2.5
567,2293640,0.5
567,1979388,1.0
567,2379713,1.0
567,2975590,1.5
567,1638355,3.0
567,1663202,3.0
567,3397884,3.5
567,3170832,3.0
567,3832914,0.5
567,4062536,3.0
567,1365050,3.0
567,2719848,2.5
567,1895587,2.5
567,1596345,2.5
567,0451279,1.5
567,0490215,4.5
567,3682448,1.0
567,1051904,1.5
567,3322364,1.5
567,3076658,3.5
567,1596363,3.0
567,4171032,5.0
567,2267968,2.0
567,4935372,2.0
567,2869728,0.5
567,1083452,2.0
567,3231054,0.5
567,2404233,0.5
567,3499096,1.5
567,1179933,3.0
567,3300542,0.5
567,2948356,2.5
567,2057392,3.5
567,2381991,0.5
567,5022702,0.5
567,2241351,2.0
567,2277860,1.5
567,3110958,1.0
567,4196776,1.5
567,3263904,2.0
567,2582782,0.5
567,4160708,3.0
567,2140479,1.0
567,2119532,3.0
567,2543164,4.0
567,3783958,3.0
567,5323662,3.0
567,3521164,0.5
567,3922818,1.0
567,3748528,1.0
567,4972582,2.5
567,4846340,2.0
567,2671706,3.0
567,4116284,3.5
567,5052448,2.0
567,3315342,4.0
567,3874544,2.0
567,4695012,3.5
567,5013056,3.5
567,1856101,5.0
567,5109784,3.0
567,2380307,1.5
567,4468740,3.5
567,4348012,1.0
567,3654796,1.5
567,6000478,1.5
567,2527336,2.0
567,5580390,4.0
567,1485796,1.0
567,5519340,1.0
567,5104604,3.5
567,2548396,0.5
581,3659388,4.0
582,2488496,4.5
582,3659388,4.0
583,2848292,4.0
583,1850457,4.0
586,2381249,4.5
586,2446042,5.0
586,1340138,4.0
586,2488496,5.0
586,0803096,4.0
586,1790809,5.0
586,0478970,4.5
586,1431045,4.0
586,1825683,5.0
586,4154756,4.5
586,3501632,4.5
586,3896198,5.0
586,3498820,5.0
586,1211837,5.0
586,3385516,4.5
586,2250912,5.0
586,2224026,4.5
586,3659388,2.5
586,2096673,5.0
586,1951266,5.0
586,2709768,4.5
586,2660888,4.0
586,2267968,5.0
586,2948356,5.0
586,4196776,5.0
586,2140479,4.0
586,3521164,5.0
586,3748528,4.5
586,4846340,3.5
586,3470600,4.0
586,3315342,5.0
586,3874544,5.0
586,3450958,4.0
586,2239822,4.5
586,1856101,2.5
586,2380307,4.0
586,2527336,5.0
586,5463162,4.0
586,3778644,5.0
596,2381249,3.5
596,2802144,3.0
596,1392190,5.0
596,2488496,4.5
596,2395427,3.0
596,0974015,3.5
596,0478970,3.5
596,1502712,3.0
596,1431045,4.0
596,1825683,5.0
596,4154756,4.0
596,3501632,5.0
596,3896198,4.0
596,3498820,3.5
596,1211837,3.5
596,3385516,2.5
596,2250912,4.0
596,2402927,4.0
596,3659388,4.0
596,2096673,4.5
596,3183660,3.5
596,1386697,3.0
596,2660888,4.5
596,2975590,3.0
596,1638355,4.5
596,3397884,3.5
596,4600952,2.5
596,0810819,3.5
596,1895587,4.0
596,0451279,4.5
596,2267968,4.0
596,3845232,3.5
596,3018070,2.5
596,2948356,4.0
596,4196776,3.5
596,2404435,4.0
596,1935859,3.5
596,5836262,4.0
596,6016776,3.5
596,3748528,5.0
596,4116284,5.0
596,3315342,5.0
596,2771200,3.0
596,2316204,3.5
596,4471456,4.5
596,7158814,3.5
596,4649466,2.5
596,3402236,3.5
596,3185602,3.5
596,2283362,4.0
596,2527336,3.5
596,4500922,3.5
596,5164432,4.0
596,5095030,4.0
598,2908446,5.0
599,0470752,3.5
599,4046784,2.5
599,1392190,4.0
599,2488496,3.5
599,2395427,2.5
599,0478970,2.5
599,1431045,3.5
599,3501632,3.0
599,3896198,3.0
599,3498820,2.5
599,1211837,2.5
599,3385516,2.5
599,2250912,3.5
599,3460252,3.0
599,2726560,1.0
599,3659388,3.5
599,2660888,3.0
599,2080374,3.5
599,3397884,3.0
599,2401878,3.0
599,4062536,3.0
599,1895587,3.5
599,1754656,3.0
599,0451279,2.0
599,1596363,3.0
599,2865120,1.5
599,4016934,3.5
599,5215952,3.0
599,2582782,3.5
599,2543164,3.0
599,3783958,3.5
599,4034228,3.5
599,3748528,3.0
599,4425200,3.0
599,5052448,3.0
599,3315342,3.5
599,5462602,3.0
599,5726616,3.0
599,2396589,3.0
599,4255304,1.5
599,5173032,1.0
599,2316204,2.5
599,3890160,3.0
599,2239822,3.0
599,5013056,4.0
599,4846232,3.0
599,5362988,3.0
599,1856101,3.5
599,5109784,3.5
599,4925292,2.5
599,5580036,3.0
599,7387408,3.5
599,4555426,3.0
599,5580390,3.5
599,3521126,3.0
599,5776858,3.5
601,3501632,3.5
601,3896198,4.0
601,2096673,5.0
601,4425064,4.0
601,2948356,4.5
601,5462602,4.0
601,4481414,4.0
601,5013056,4.0
601,1856101,4.0
601,2380307,4.5
610,2381249,4.0
610,1617661,2.5
610,0369610,3.5
610,2802144,4.5
610,1823672,3.5
610,2446042,1.0
610,1340138,2.5
610,1392190,5.0
610,3195644,3.0
610,2488496,4.5
610,2395427,4.0
610,0478970,3.5
610,1431045,3.0
610,3498820,5.0
610,1211837,3.5
610,3385516,3.5
610,3850214,4.5
610,3460252,4.5
610,2554274,3.5
610,2199571,3.0
610,2820852,4.5
610,3395184,4.5
610,1964418,3.0
610,3464902,4.5
610,3205376,4.0
610,3659388,3.5
610,3079380,4.0
610,3152624,3.5
610,2096673,3.5
610,1951266,4.0
610,3850590,3.5
610,1386697,2.5
610,2660888,3.5
610,1979388,3.5
610,2379713,3.5
610,1524930,2.5
610,2975590,3.5
610,3040964,4.0
610,1638355,3.5
610,4172430,3.5
610,2309260,1.5
610,1663202,4.5
610,3397884,4.5
610,3170832,4.0
610,4178092,3.5
610,4263482,4.0
610,1727776,3.5
610,2490326,3.5
610,0462335,3.5
610,1895587,3.5
610,3682448,4.0
610,0475290,4.0
610,2494362,4.5
610,4272866,4.0
610,3748512,3.5
610,4594834,3.0
610,1596363,4.0
610,2386404,3.5
610,2267968,3.5
610,3511596,3.0
610,1179933,4.0
610,2948356,4.0
610,4935334,3.5
610,1974419,3.5
610,2937696,5.0
610,5022702,4.5
610,2277860,4.0
610,3799694,5.0
610,1700841,3.5
610,2667380,3.0
610,3110958,3.0
610,1289401,3.0
610,4786282,3.0
610,2582782,4.0
610,4160708,4.0
610,2404435,3.5
610,1540011,3.5
610,3835080,3.5
610,2543164,5.0
610,3748528,4.0
610,4972582,4.0
610,4425200,5.0
610,5052448,5.0
610,3315342,5.0
610,4630562,3.0
